localidad	avg_risk_estimate	population	cases	date
Antonio Nariño	0	42933	0	2020-01
Antonio Nariño	9	42933	2	2020-02
Antonio Nariño	0	42933	0	2020-03
Antonio Nariño	0	42933	0	2020-04
Antonio Nariño	3.5	42933	2	2020-05
Antonio Nariño	10	42933	1	2020-06
Antonio Nariño	2	42933	1	2020-07
Antonio Nariño	3.333333333	42933	3	2020-08
Antonio Nariño	4.5	42933	2	2020-09
Antonio Nariño	5	42933	2	2020-10
Antonio Nariño	6	42933	1	2020-11
Antonio Nariño	9	42933	1	2020-12
Antonio Nariño	9	43782	1	2021-01
Antonio Nariño	0	43782	0	2021-02
Antonio Nariño	1	43782	1	2021-03
Antonio Nariño	0	43782	1	2021-04
Antonio Nariño	0	43782	0	2021-05
Antonio Nariño	3	43782	2	2021-06
Antonio Nariño	0	43782	0	2021-07
Antonio Nariño	2.5	43782	2	2021-08
Antonio Nariño	4	43782	2	2021-09
Antonio Nariño	7	43782	4	2021-10
Antonio Nariño	7	43782	3	2021-11
Antonio Nariño	7	43782	1	2021-12
Antonio Nariño	4	44208	1	2022-01
Antonio Nariño	7	44208	1	2022-02
Antonio Nariño	6.333333333	44208	3	2022-03
Antonio Nariño	4.5	44208	2	2022-04
Antonio Nariño	1	44208	1	2022-05
Antonio Nariño	1	44208	1	2022-06
Antonio Nariño	2	44208	1	2022-07
Antonio Nariño	4	44208	2	2022-08
Antonio Nariño	3	44208	1	2022-09
Antonio Nariño	4.5	44208	2	2022-10
Antonio Nariño	5.5	44208	2	2022-11
Antonio Nariño	1	44208	2	2022-12
Barrios Unidos	10	74287	1	2020-01
Barrios Unidos	4.666666667	74287	3	2020-02
Barrios Unidos	0	74287	0	2020-03
Barrios Unidos	0	74287	0	2020-04
Barrios Unidos	8.666666667	74287	3	2020-05
Barrios Unidos	4	74287	3	2020-06
Barrios Unidos	7.5	74287	2	2020-07
Barrios Unidos	9	74287	1	2020-08
Barrios Unidos	7.5	74287	2	2020-09
Barrios Unidos	0	74287	0	2020-10
Barrios Unidos	10	74287	1	2020-11
Barrios Unidos	4.5	74287	2	2020-12
Barrios Unidos	0	75607	0	2021-01
Barrios Unidos	8	75607	3	2021-02
Barrios Unidos	6.285714286	75607	7	2021-03
Barrios Unidos	6.5	75607	2	2021-04
Barrios Unidos	0	75607	0	2021-05
Barrios Unidos	0	75607	0	2021-06
Barrios Unidos	9	75607	1	2021-07
Barrios Unidos	5	75607	3	2021-08
Barrios Unidos	8	75607	1	2021-09
Barrios Unidos	6	75607	3	2021-10
Barrios Unidos	3.8	75607	5	2021-11
Barrios Unidos	5.75	75607	4	2021-12
Barrios Unidos	0	76372	1	2022-01
Barrios Unidos	0	76372	0	2022-02
Barrios Unidos	5.5	76372	2	2022-03
Barrios Unidos	0	76372	0	2022-04
Barrios Unidos	4.666666667	76372	3	2022-05
Barrios Unidos	5.75	76372	4	2022-06
Barrios Unidos	0	76372	0	2022-07
Barrios Unidos	10	76372	2	2022-08
Barrios Unidos	3	76372	1	2022-09
Barrios Unidos	6	76372	3	2022-10
Barrios Unidos	9	76372	1	2022-11
Barrios Unidos	0	76372	1	2022-12
Bosa	9.6	372546	5	2020-01
Bosa	6.75	372546	4	2020-02
Bosa	7.333333333	372546	3	2020-03
Bosa	6.2	372546	10	2020-04
Bosa	5.6	372546	40	2020-05
Bosa	5.8	372546	30	2020-06
Bosa	6.166666667	372546	30	2020-07
Bosa	4.730769231	372546	26	2020-08
Bosa	6.125	372546	16	2020-09
Bosa	6.7	372546	10	2020-10
Bosa	5.222222222	372546	18	2020-11
Bosa	5.666666667	372546	24	2020-12
Bosa	0	371072	0	2021-01
Bosa	0	371072	0	2021-02
Bosa	9	371072	1	2021-03
Bosa	5.619047619	371072	21	2021-04
Bosa	5.75	371072	4	2021-05
Bosa	5.933333333	371072	15	2021-06
Bosa	6.368421053	371072	19	2021-07
Bosa	4.5625	371072	16	2021-08
Bosa	7.052631579	371072	19	2021-09
Bosa	3.8	371072	20	2021-10
Bosa	4.269230769	371072	26	2021-11
Bosa	5.263157895	371072	38	2021-12
Bosa	6	376861	2	2022-01
Bosa	4.588235294	376861	17	2022-02
Bosa	5.928571429	376861	14	2022-03
Bosa	4.5	376861	18	2022-04
Bosa	5.111111111	376861	18	2022-05
Bosa	5.769230769	376861	13	2022-06
Bosa	5.1	376861	20	2022-07
Bosa	5.666666667	376861	15	2022-08
Bosa	6.133333333	376861	15	2022-09
Bosa	5.083333333	376861	24	2022-10
Bosa	8.125	376861	16	2022-11
Bosa	4.285714286	376861	14	2022-12
Chapinero	8	88350	1	2020-01
Chapinero	6	88350	1	2020-02
Chapinero	1	88350	1	2020-03
Chapinero	6	88350	2	2020-04
Chapinero	6.5	88350	2	2020-05
Chapinero	4	88350	1	2020-06
Chapinero	7.333333333	88350	3	2020-07
Chapinero	9	88350	1	2020-08
Chapinero	0	88350	0	2020-09
Chapinero	9	88350	1	2020-10
Chapinero	5.5	88350	2	2020-11
Chapinero	4	88350	1	2020-12
Chapinero	0	90360	0	2021-01
Chapinero	4.866666667	90360	15	2021-02
Chapinero	5.777777778	90360	9	2021-03
Chapinero	5	90360	2	2021-04
Chapinero	0	90360	0	2021-05
Chapinero	3	90360	1	2021-06
Chapinero	4.75	90360	4	2021-07
Chapinero	6.5	90360	6	2021-08
Chapinero	3	90360	1	2021-09
Chapinero	4	90360	2	2021-10
Chapinero	9	90360	1	2021-11
Chapinero	3	90360	2	2021-12
Chapinero	0	90360	0	2022-01
Chapinero	7	91692	1	2022-02
Chapinero	3	91692	1	2022-03
Chapinero	6	91692	3	2022-04
Chapinero	3	91692	1	2022-05
Chapinero	6.5	91692	2	2022-06
Chapinero	4.2	91692	5	2022-07
Chapinero	2.5	91692	2	2022-08
Chapinero	4	91692	1	2022-09
Chapinero	0	91692	0	2022-10
Chapinero	5	91692	1	2022-11
Chapinero	4.833333333	91692	6	2022-12
Ciudad Bolívar	5.833333333	324781	6	2020-01
Ciudad Bolívar	8.125	324781	8	2020-02
Ciudad Bolívar	9	324781	1	2020-03
Ciudad Bolívar	7.142857143	324781	7	2020-04
Ciudad Bolívar	5.161290323	324781	31	2020-05
Ciudad Bolívar	6.413793103	324781	29	2020-06
Ciudad Bolívar	6.666666667	324781	33	2020-07
Ciudad Bolívar	6.115384615	324781	26	2020-08
Ciudad Bolívar	6.117647059	324781	17	2020-09
Ciudad Bolívar	6	324781	6	2020-10
Ciudad Bolívar	5.4	324781	20	2020-11
Ciudad Bolívar	5.677419355	324781	31	2020-12
Ciudad Bolívar	0	328131	0	2021-01
Ciudad Bolívar	4.666666667	328131	3	2021-02
Ciudad Bolívar	5	328131	5	2021-03
Ciudad Bolívar	6.48	328131	25	2021-04
Ciudad Bolívar	4.888888889	328131	9	2021-05
Ciudad Bolívar	6.866666667	328131	15	2021-06
Ciudad Bolívar	6.875	328131	8	2021-07
Ciudad Bolívar	4.92	328131	25	2021-08
Ciudad Bolívar	7	328131	14	2021-09
Ciudad Bolívar	7.105263158	328131	19	2021-10
Ciudad Bolívar	6.347826087	328131	23	2021-11
Ciudad Bolívar	6.133333333	328131	15	2021-12
Ciudad Bolívar	7	329981	1	2022-01
Ciudad Bolívar	6.411764706	329981	17	2022-02
Ciudad Bolívar	5.666666667	329981	15	2022-03
Ciudad Bolívar	6.8	329981	10	2022-04
Ciudad Bolívar	5.666666667	329981	15	2022-05
Ciudad Bolívar	6.75	329981	16	2022-06
Ciudad Bolívar	5.941176471	329981	17	2022-07
Ciudad Bolívar	6.15	329981	20	2022-08
Ciudad Bolívar	7.2	329981	15	2022-09
Ciudad Bolívar	5.291666667	329981	24	2022-10
Ciudad Bolívar	7.533333333	329981	15	2022-11
Ciudad Bolívar	6.571428571	329981	14	2022-12
Engativá	6.333333333	427365	3	2020-01
Engativá	6.75	427365	4	2020-02
Engativá	3.5	427365	4	2020-03
Engativá	5.75	427365	4	2020-04
Engativá	5.714285714	427365	7	2020-05
Engativá	5.5	427365	12	2020-06
Engativá	5.071428571	427365	14	2020-07
Engativá	4.230769231	427365	13	2020-08
Engativá	4.818181818	427365	11	2020-09
Engativá	5.285714286	427365	7	2020-10
Engativá	6.375	427365	16	2020-11
Engativá	5.857142857	427365	14	2020-12
Engativá	0	428725	0	2021-01
Engativá	6.4	428725	5	2021-02
Engativá	0	428725	0	2021-03
Engativá	8	428725	9	2021-04
Engativá	4.125	428725	8	2021-05
Engativá	5.285714286	428725	14	2021-06
Engativá	4.285714286	428725	7	2021-07
Engativá	5.2	428725	10	2021-08
Engativá	3.818181818	428725	11	2021-09
Engativá	5.055555556	428725	18	2021-10
Engativá	8	428725	6	2021-11
Engativá	6.125	428725	16	2021-12
Engativá	0	428880	0	2022-01
Engativá	5.888888889	428880	9	2022-02
Engativá	4.875	428880	16	2022-03
Engativá	3.458333333	428880	24	2022-04
Engativá	5.681818182	428880	22	2022-05
Engativá	4.222222222	428880	18	2022-06
Engativá	3.631578947	428880	19	2022-07
Engativá	3.733333333	428880	15	2022-08
Engativá	5.769230769	428880	13	2022-09
Engativá	4	428880	11	2022-10
Engativá	4.523809524	428880	21	2022-11
Engativá	5.083333333	428880	12	2022-12
Fontibón	0	204677	0	2020-01
Fontibón	4	204677	1	2020-02
Fontibón	7.5	204677	2	2020-03
Fontibón	5.666666667	204677	3	2020-04
Fontibón	8	204677	3	2020-05
Fontibón	7.5	204677	6	2020-06
Fontibón	7	204677	3	2020-07
Fontibón	8.5	204677	4	2020-08
Fontibón	3.666666667	204677	3	2020-09
Fontibón	5.666666667	204677	3	2020-10
Fontibón	10	204677	1	2020-11
Fontibón	5.25	204677	4	2020-12
Fontibón	0	209075	0	2021-01
Fontibón	6.625	209075	8	2021-02
Fontibón	4.555555556	209075	9	2021-03
Fontibón	4	209075	6	2021-04
Fontibón	4.666666667	209075	3	2021-05
Fontibón	1	209075	3	2021-06
Fontibón	1	209075	2	2021-07
Fontibón	7.75	209075	4	2021-08
Fontibón	7	209075	3	2021-09
Fontibón	4	209075	5	2021-10
Fontibón	5.166666667	209075	6	2021-11
Fontibón	6.4	209075	5	2021-12
Fontibón	0	212331	0	2022-01
Fontibón	7.6	212331	5	2022-02
Fontibón	5.75	212331	4	2022-03
Fontibón	5.4	212331	5	2022-04
Fontibón	6.777777778	212331	9	2022-05
Fontibón	8	212331	3	2022-06
Fontibón	5	212331	7	2022-07
Fontibón	9.6	212331	5	2022-08
Fontibón	5.333333333	212331	3	2022-09
Fontibón	6.5	212331	6	2022-10
Fontibón	6.6	212331	10	2022-11
Fontibón	8.571428571	212331	7	2022-12
Kennedy	6.75	535933	8	2020-01
Kennedy	5.285714286	535933	7	2020-02
Kennedy	7	535933	3	2020-03
Kennedy	4.923076923	535933	13	2020-04
Kennedy	6.333333333	535933	18	2020-05
Kennedy	5.357142857	535933	28	2020-06
Kennedy	4.875	535933	16	2020-07
Kennedy	6	535933	15	2020-08
Kennedy	6.833333333	535933	12	2020-09
Kennedy	6.5625	535933	16	2020-10
Kennedy	7	535933	15	2020-11
Kennedy	6	535933	13	2020-12
Kennedy	0	535285	0	2021-01
Kennedy	0	535285	0	2021-02
Kennedy	0	535285	0	2021-03
Kennedy	7.142857143	535285	14	2021-04
Kennedy	5.842105263	535285	19	2021-05
Kennedy	6.681818182	535285	22	2021-06
Kennedy	6.222222222	535285	18	2021-07
Kennedy	5.782608696	535285	23	2021-08
Kennedy	7	535285	11	2021-09
Kennedy	6.076923077	535285	13	2021-10
Kennedy	4.652173913	535285	23	2021-11
Kennedy	5.375	535285	16	2021-12
Kennedy	0	533778	0	2022-01
Kennedy	5.3125	533778	16	2022-02
Kennedy	6.9	533778	10	2022-03
Kennedy	5.125	533778	16	2022-04
Kennedy	5.714285714	533778	14	2022-05
Kennedy	5.125	533778	32	2022-06
Kennedy	4.6875	533778	16	2022-07
Kennedy	6.2	533778	20	2022-08
Kennedy	6.882352941	533778	17	2022-09
Kennedy	5.941176471	533778	17	2022-10
Kennedy	5.785714286	533778	28	2022-11
Kennedy	6.1	533778	20	2022-12
La Candelaria	10	8457	1	2020-01
La Candelaria	9	8457	1	2020-02
La Candelaria	0	8457	0	2020-03
La Candelaria	0	8457	0	2020-04
La Candelaria	0	8457	0	2020-05
La Candelaria	0	8457	0	2020-06
La Candelaria	3.333333333	8457	3	2020-07
La Candelaria	6	8457	1	2020-08
La Candelaria	0	8457	0	2020-09
La Candelaria	0	8457	0	2020-10
La Candelaria	2.333333333	8457	3	2020-11
La Candelaria	4	8457	1	2020-12
La Candelaria	0	8654	0	2021-01
La Candelaria	1	8654	1	2021-02
La Candelaria	10	8654	1	2021-03
La Candelaria	0	8654	0	2021-04
La Candelaria	0	8654	0	2021-05
La Candelaria	0	8654	0	2021-06
La Candelaria	4	8654	1	2021-07
La Candelaria	0	8654	0	2021-08
La Candelaria	0	8654	0	2021-09
La Candelaria	0	8654	0	2021-10
La Candelaria	0	8654	0	2021-11
La Candelaria	3	8654	1	2021-12
La Candelaria	0	8851	0	2022-01
La Candelaria	4.666666667	8851	3	2022-02
La Candelaria	0	8851	0	2022-03
La Candelaria	0	8851	0	2022-04
La Candelaria	9	8851	1	2022-05
La Candelaria	3.5	8851	2	2022-06
La Candelaria	4	8851	3	2022-07
La Candelaria	9.5	8851	2	2022-08
La Candelaria	9	8851	1	2022-09
La Candelaria	6	8851	2	2022-10
La Candelaria	5.666666667	8851	3	2022-11
La Candelaria	4	8851	1	2022-12
Los Mártires	2	45809	1	2020-01
Los Mártires	10	45809	1	2020-02
Los Mártires	9	45809	2	2020-03
Los Mártires	5.25	45809	4	2020-04
Los Mártires	7.2	45809	5	2020-05
Los Mártires	10	45809	1	2020-06
Los Mártires	5.75	45809	4	2020-07
Los Mártires	6.333333333	45809	6	2020-08
Los Mártires	5	45809	1	2020-09
Los Mártires	0	45809	0	2020-10
Los Mártires	6.75	45809	4	2020-11
Los Mártires	7	45809	3	2020-12
Los Mártires	0	47063	0	2021-01
Los Mártires	1	47063	1	2021-02
Los Mártires	9.5	47063	2	2021-03
Los Mártires	0	47063	0	2021-04
Los Mártires	0	47063	0	2021-05
Los Mártires	10	47063	1	2021-06
Los Mártires	6	47063	2	2021-07
Los Mártires	9	47063	1	2021-08
Los Mártires	6.333333333	47063	3	2021-09
Los Mártires	5.857142857	47063	7	2021-10
Los Mártires	6	47063	5	2021-11
Los Mártires	8.333333333	47063	6	2021-12
Los Mártires	0	47690	0	2022-01
Los Mártires	6.5	47690	2	2022-02
Los Mártires	1	47690	1	2022-03
Los Mártires	5	47690	4	2022-04
Los Mártires	5.5	47690	2	2022-05
Los Mártires	2.5	47690	2	2022-06
Los Mártires	3.5	47690	4	2022-07
Los Mártires	4	47690	3	2022-08
Los Mártires	9.5	47690	2	2022-09
Los Mártires	4	47690	2	2022-10
Los Mártires	6.6	47690	5	2022-11
Los Mártires	7	47690	3	2022-12
Puente Aranda	0	127912	0	2020-01
Puente Aranda	9.5	127912	2	2020-02
Puente Aranda	6	127912	2	2020-03
Puente Aranda	0	127912	0	2020-04
Puente Aranda	6	127912	5	2020-05
Puente Aranda	3.75	127912	4	2020-06
Puente Aranda	4.888888889	127912	9	2020-07
Puente Aranda	6.571428571	127912	7	2020-08
Puente Aranda	0	127912	0	2020-09
Puente Aranda	3	127912	1	2020-10
Puente Aranda	10	127912	1	2020-11
Puente Aranda	3.4	127912	5	2020-12
Puente Aranda	0	128904	0	2021-01
Puente Aranda	4.75	128904	4	2021-02
Puente Aranda	2	128904	2	2021-03
Puente Aranda	4	128904	3	2021-04
Puente Aranda	0	128904	2	2021-05
Puente Aranda	6.6	128904	5	2021-06
Puente Aranda	8	128904	2	2021-07
Puente Aranda	5	128904	4	2021-08
Puente Aranda	1	128904	1	2021-09
Puente Aranda	4	128904	7	2021-10
Puente Aranda	7	128904	6	2021-11
Puente Aranda	2.571428571	128904	7	2021-12
Puente Aranda	2	129160	1	2022-01
Puente Aranda	2	129160	2	2022-02
Puente Aranda	9	129160	4	2022-03
Puente Aranda	4	129160	1	2022-04
Puente Aranda	6	129160	1	2022-05
Puente Aranda	6.666666667	129160	6	2022-06
Puente Aranda	5	129160	6	2022-07
Puente Aranda	5.222222222	129160	9	2022-08
Puente Aranda	4	129160	2	2022-09
Puente Aranda	3.857142857	129160	7	2022-10
Puente Aranda	5.222222222	129160	9	2022-11
Puente Aranda	5	129160	5	2022-12
Rafael Uribe Uribe	4.333333333	192309	3	2020-01
Rafael Uribe Uribe	10	192309	2	2020-02
Rafael Uribe Uribe	8.25	192309	8	2020-03
Rafael Uribe Uribe	6.2	192309	5	2020-04
Rafael Uribe Uribe	5.769230769	192309	13	2020-05
Rafael Uribe Uribe	6	192309	14	2020-06
Rafael Uribe Uribe	4.285714286	192309	7	2020-07
Rafael Uribe Uribe	5.833333333	192309	6	2020-08
Rafael Uribe Uribe	7.333333333	192309	6	2020-09
Rafael Uribe Uribe	8	192309	4	2020-10
Rafael Uribe Uribe	5.5	192309	6	2020-11
Rafael Uribe Uribe	5.214285714	192309	14	2020-12
Rafael Uribe Uribe	0	194734	0	2021-01
Rafael Uribe Uribe	9	194734	7	2021-02
Rafael Uribe Uribe	9.5	194734	2	2021-03
Rafael Uribe Uribe	4.2	194734	10	2021-04
Rafael Uribe Uribe	4.8	194734	5	2021-05
Rafael Uribe Uribe	6.454545455	194734	11	2021-06
Rafael Uribe Uribe	4.75	194734	8	2021-07
Rafael Uribe Uribe	5.3	194734	10	2021-08
Rafael Uribe Uribe	5.5	194734	6	2021-09
Rafael Uribe Uribe	5.444444444	194734	9	2021-10
Rafael Uribe Uribe	6.285714286	194734	7	2021-11
Rafael Uribe Uribe	4.933333333	194734	15	2021-12
Rafael Uribe Uribe	0	196180	0	2022-01
Rafael Uribe Uribe	7.222222222	196180	9	2022-02
Rafael Uribe Uribe	6.428571429	196180	14	2022-03
Rafael Uribe Uribe	7.2	196180	5	2022-04
Rafael Uribe Uribe	6.545454545	196180	11	2022-05
Rafael Uribe Uribe	6.181818182	196180	11	2022-06
Rafael Uribe Uribe	5.916666667	196180	12	2022-07
Rafael Uribe Uribe	5.357142857	196180	14	2022-08
Rafael Uribe Uribe	5.125	196180	8	2022-09
Rafael Uribe Uribe	4.111111111	196180	9	2022-10
Rafael Uribe Uribe	5.7	196180	10	2022-11
Rafael Uribe Uribe	7	196180	5	2022-12
San Cristóbal	8.25	205321	4	2020-01
San Cristóbal	4.666666667	205321	3	2020-02
San Cristóbal	6.8	205321	5	2020-03
San Cristóbal	6	205321	3	2020-04
San Cristóbal	6.75	205321	12	2020-05
San Cristóbal	4.352941176	205321	17	2020-06
San Cristóbal	4.818181818	205321	11	2020-07
San Cristóbal	5.666666667	205321	6	2020-08
San Cristóbal	6.181818182	205321	11	2020-09
San Cristóbal	5	205321	7	2020-10
San Cristóbal	4.692307692	205321	13	2020-11
San Cristóbal	4.666666667	205321	6	2020-12
San Cristóbal	0	207684	0	2021-01
San Cristóbal	7	207684	1	2021-02
San Cristóbal	6	207684	2	2021-03
San Cristóbal	6.142857143	207684	21	2021-04
San Cristóbal	4.142857143	207684	7	2021-05
San Cristóbal	6.571428571	207684	7	2021-06
San Cristóbal	3.4	207684	10	2021-07
San Cristóbal	5.666666667	207684	12	2021-08
San Cristóbal	6.647058824	207684	17	2021-09
San Cristóbal	5.952380952	207684	21	2021-10
San Cristóbal	4.6	207684	15	2021-11
San Cristóbal	5.619047619	207684	21	2021-12
San Cristóbal	6	209085	2	2022-01
San Cristóbal	2.789473684	209085	19	2022-02
San Cristóbal	4.866666667	209085	15	2022-03
San Cristóbal	5.666666667	209085	9	2022-04
San Cristóbal	4.083333333	209085	12	2022-05
San Cristóbal	6.722222222	209085	18	2022-06
San Cristóbal	6.5	209085	14	2022-07
San Cristóbal	5.625	209085	8	2022-08
San Cristóbal	5.214285714	209085	14	2022-09
San Cristóbal	6.888888889	209085	9	2022-10
San Cristóbal	4.941176471	209085	17	2022-11
San Cristóbal	2	209085	5	2022-12
Santa Fe	9.5	53914	2	2020-01
Santa Fe	1	53914	1	2020-02
Santa Fe	0	53914	0	2020-03
Santa Fe	10	53914	1	2020-04
Santa Fe	6.8	53914	5	2020-05
Santa Fe	8.5	53914	4	2020-06
Santa Fe	9	53914	1	2020-07
Santa Fe	5.8	53914	5	2020-08
Santa Fe	6	53914	1	2020-09
Santa Fe	0	53914	0	2020-10
Santa Fe	6.4	53914	5	2020-11
Santa Fe	7.8	53914	5	2020-12
Santa Fe	0	54456	0	2021-01
Santa Fe	9.2	54456	5	2021-02
Santa Fe	7.8	54456	5	2021-03
Santa Fe	5	54456	2	2021-04
Santa Fe	5.5	54456	2	2021-05
Santa Fe	9.666666667	54456	6	2021-06
Santa Fe	7.666666667	54456	3	2021-07
Santa Fe	8	54456	4	2021-08
Santa Fe	7.571428571	54456	7	2021-09
Santa Fe	3.25	54456	4	2021-10
Santa Fe	3	54456	5	2021-11
Santa Fe	8.5	54456	4	2021-12
Santa Fe	5	54384	1	2022-01
Santa Fe	2	54384	1	2022-02
Santa Fe	6.666666667	54384	3	2022-03
Santa Fe	5	54384	8	2022-04
Santa Fe	4.75	54384	4	2022-05
Santa Fe	3.666666667	54384	3	2022-06
Santa Fe	9.5	54384	2	2022-07
Santa Fe	10	54384	1	2022-08
Santa Fe	4.333333333	54384	3	2022-09
Santa Fe	5.571428571	54384	7	2022-10
Santa Fe	10	54384	1	2022-11
Santa Fe	5	54384	5	2022-12
Suba	6.2	649231	5	2020-01
Suba	6.875	649231	8	2020-02
Suba	8.285714286	649231	7	2020-03
Suba	6.142857143	649231	7	2020-04
Suba	5.666666667	649231	15	2020-05
Suba	4	649231	12	2020-06
Suba	6.666666667	649231	12	2020-07
Suba	6.9	649231	10	2020-08
Suba	5.75	649231	8	2020-09
Suba	2.333333333	649231	3	2020-10
Suba	6.888888889	649231	9	2020-11
Suba	5.8125	649231	16	2020-12
Suba	0	662592	0	2021-01
Suba	0	662592	0	2021-02
Suba	0	662592	0	2021-03
Suba	5.166666667	662592	6	2021-04
Suba	5.666666667	662592	6	2021-05
Suba	5.928571429	662592	14	2021-06
Suba	5.238095238	662592	21	2021-07
Suba	5.846153846	662592	13	2021-08
Suba	7.363636364	662592	11	2021-09
Suba	6.111111111	662592	18	2021-10
Suba	6.44	662592	25	2021-11
Suba	3.9375	662592	16	2021-12
Suba	6	673154	2	2022-01
Suba	4.266666667	673154	15	2022-02
Suba	3.666666667	673154	15	2022-03
Suba	5.75	673154	16	2022-04
Suba	4.571428571	673154	14	2022-05
Suba	5.090909091	673154	11	2022-06
Suba	5.25	673154	8	2022-07
Suba	6	673154	8	2022-08
Suba	4.9	673154	10	2022-09
Suba	5.25	673154	12	2022-10
Suba	6.4	673154	10	2022-11
Suba	4.333333333	673154	6	2022-12
Sumapaz	0	1697	0	2020-01
Sumapaz	0	1697	0	2020-02
Sumapaz	0	1697	0	2020-03
Sumapaz	0	1697	0	2020-04
Sumapaz	0	1697	0	2020-05
Sumapaz	9	1697	1	2020-06
Sumapaz	0	1697	0	2020-07
Sumapaz	0	1697	0	2020-08
Sumapaz	0	1697	0	2020-09
Sumapaz	0	1697	0	2020-10
Sumapaz	0	1697	0	2020-11
Sumapaz	0	1697	0	2020-12
Sumapaz	0	1768	0	2021-01
Sumapaz	0	1768	0	2021-02
Sumapaz	3	1768	1	2021-03
Sumapaz	0	1768	0	2021-04
Sumapaz	0	1768	0	2021-05
Sumapaz	0	1768	0	2021-06
Sumapaz	0	1768	0	2021-07
Sumapaz	0	1768	0	2021-08
Sumapaz	0	1768	0	2021-09
Sumapaz	0	1768	0	2021-10
Sumapaz	0	1768	0	2021-11
Sumapaz	0	1768	0	2021-12
Sumapaz	0	1838	0	2022-01
Sumapaz	0	1838	0	2022-02
Sumapaz	0	1838	0	2022-03
Sumapaz	0	1838	0	2022-04
Sumapaz	0	1838	0	2022-05
Sumapaz	0	1838	0	2022-06
Sumapaz	0	1838	0	2022-07
Sumapaz	0	1838	0	2022-08
Sumapaz	0	1838	0	2022-09
Sumapaz	0	1838	0	2022-10
Sumapaz	0	1838	0	2022-11
Sumapaz	0	1838	0	2022-12
Teusaquillo	0	89653	0	2020-01
Teusaquillo	0	89653	0	2020-02
Teusaquillo	10	89653	1	2020-03
Teusaquillo	7.333333333	89653	3	2020-04
Teusaquillo	0	89653	0	2020-05
Teusaquillo	5	89653	2	2020-06
Teusaquillo	2.666666667	89653	3	2020-07
Teusaquillo	3	89653	1	2020-08
Teusaquillo	5	89653	2	2020-09
Teusaquillo	9.5	89653	2	2020-10
Teusaquillo	0	89653	0	2020-11
Teusaquillo	7	89653	2	2020-12
Teusaquillo	0	95107	0	2021-01
Teusaquillo	10	95107	1	2021-02
Teusaquillo	8	95107	2	2021-03
Teusaquillo	1.666666667	95107	3	2021-04
Teusaquillo	7	95107	3	2021-05
Teusaquillo	10	95107	1	2021-06
Teusaquillo	10	95107	1	2021-07
Teusaquillo	3	95107	1	2021-08
Teusaquillo	2	95107	2	2021-09
Teusaquillo	4	95107	2	2021-10
Teusaquillo	9.5	95107	2	2021-11
Teusaquillo	5.333333333	95107	3	2021-12
Teusaquillo	0	96189	0	2022-01
Teusaquillo	6.5	96189	2	2022-02
Teusaquillo	6	96189	1	2022-03
Teusaquillo	2	96189	1	2022-04
Teusaquillo	5.666666667	96189	3	2022-05
Teusaquillo	0	96189	0	2022-06
Teusaquillo	0	96189	0	2022-07
Teusaquillo	0	96189	0	2022-08
Teusaquillo	0	96189	0	2022-09
Teusaquillo	5.333333333	96189	3	2022-10
Teusaquillo	4.5	96189	2	2022-11
Teusaquillo	8	96189	1	2022-12
Tunjuelito	6.666666667	90704	3	2020-01
Tunjuelito	7.5	90704	2	2020-02
Tunjuelito	9	90704	2	2020-03
Tunjuelito	7.666666667	90704	3	2020-04
Tunjuelito	3.666666667	90704	9	2020-05
Tunjuelito	6	90704	7	2020-06
Tunjuelito	8.2	90704	5	2020-07
Tunjuelito	7	90704	4	2020-08
Tunjuelito	6	90704	4	2020-09
Tunjuelito	5	90704	3	2020-10
Tunjuelito	5.666666667	90704	6	2020-11
Tunjuelito	7.25	90704	4	2020-12
Tunjuelito	0	91333	0	2021-01
Tunjuelito	10	91333	1	2021-02
Tunjuelito	6.333333333	91333	3	2021-03
Tunjuelito	4	91333	4	2021-04
Tunjuelito	4	91333	1	2021-05
Tunjuelito	7	91333	3	2021-06
Tunjuelito	7.428571429	91333	7	2021-07
Tunjuelito	7.333333333	91333	3	2021-08
Tunjuelito	3.833333333	91333	6	2021-09
Tunjuelito	5.714285714	91333	7	2021-10
Tunjuelito	2.8	91333	5	2021-11
Tunjuelito	10	91333	4	2021-12
Tunjuelito	0	91486	0	2022-01
Tunjuelito	5.333333333	91486	9	2022-02
Tunjuelito	3.5	91486	4	2022-03
Tunjuelito	7.333333333	91486	6	2022-04
Tunjuelito	4.375	91486	8	2022-05
Tunjuelito	5.5	91486	6	2022-06
Tunjuelito	5.166666667	91486	6	2022-07
Tunjuelito	9	91486	1	2022-08
Tunjuelito	9	91486	1	2022-09
Tunjuelito	7	91486	5	2022-10
Tunjuelito	6.375	91486	8	2022-11
Tunjuelito	8.333333333	91486	3	2022-12
Usaquén	5	304499	2	2020-01
Usaquén	5	304499	3	2020-02
Usaquén	7.5	304499	2	2020-03
Usaquén	7.8	304499	5	2020-04
Usaquén	7.75	304499	4	2020-05
Usaquén	5.111111111	304499	9	2020-06
Usaquén	4.142857143	304499	7	2020-07
Usaquén	3	304499	4	2020-08
Usaquén	4.666666667	304499	9	2020-09
Usaquén	4.333333333	304499	6	2020-10
Usaquén	8.2	304499	5	2020-11
Usaquén	5.571428571	304499	7	2020-12
Usaquén	0	308619	0	2021-01
Usaquén	7	308619	5	2021-02
Usaquén	2.8	308619	5	2021-03
Usaquén	7.4	308619	5	2021-04
Usaquén	4.5	308619	6	2021-05
Usaquén	4.333333333	308619	3	2021-06
Usaquén	3.166666667	308619	6	2021-07
Usaquén	4.333333333	308619	3	2021-08
Usaquén	6.666666667	308619	6	2021-09
Usaquén	5.909090909	308619	11	2021-10
Usaquén	5.111111111	308619	9	2021-11
Usaquén	4.555555556	308619	9	2021-12
Usaquén	0	313064	0	2022-01
Usaquén	5.3	313064	10	2022-02
Usaquén	3	313064	2	2022-03
Usaquén	6.6	313064	5	2022-04
Usaquén	4.916666667	313064	12	2022-05
Usaquén	3.2	313064	5	2022-06
Usaquén	6.1	313064	10	2022-07
Usaquén	5.5	313064	6	2022-08
Usaquén	5.5	313064	6	2022-09
Usaquén	4.666666667	313064	9	2022-10
Usaquén	6	313064	4	2022-11
Usaquén	6.111111111	313064	9	2022-12
Usme	5.714285714	195739	7	2020-01
Usme	4.5	195739	2	2020-02
Usme	5.8	195739	5	2020-03
Usme	6.333333333	195739	3	2020-04
Usme	5.833333333	195739	18	2020-05
Usme	4.266666667	195739	15	2020-06
Usme	7	195739	12	2020-07
Usme	6.25	195739	8	2020-08
Usme	8.285714286	195739	7	2020-09
Usme	8.333333333	195739	6	2020-10
Usme	5.066666667	195739	15	2020-11
Usme	8.071428571	195739	14	2020-12
Usme	0	199667	0	2021-01
Usme	5	199667	1	2021-02
Usme	0	199667	0	2021-03
Usme	7.25	199667	8	2021-04
Usme	5.375	199667	8	2021-05
Usme	5.111111111	199667	9	2021-06
Usme	7.571428571	199667	7	2021-07
Usme	5	199667	5	2021-08
Usme	6.75	199667	16	2021-09
Usme	7	199667	16	2021-10
Usme	5	199667	13	2021-11
Usme	5.285714286	199667	14	2021-12
Usme	0	202594	0	2022-01
Usme	4.692307692	202594	13	2022-02
Usme	6.916666667	202594	12	2022-03
Usme	4.777777778	202594	18	2022-04
Usme	4.4	202594	5	2022-05
Usme	5	202594	6	2022-06
Usme	3	202594	8	2022-07
Usme	5.571428571	202594	7	2022-08
Usme	4.727272727	202594	11	2022-09
Usme	5.846153846	202594	13	2022-10
Usme	5.214285714	202594	14	2022-11
Usme	7	202594	7	2022-12